,Model_Name,Accuracy
0,NB,0.7747918782689588
1,LR,0.787173183226227
2,RF,0.71356
3,XGBoost,0.734375
4,SVN,0.69843
5,CNN,0.73212
6,LSTM,0.71214
